Index,Load_Level,Solar_Level,Wind_Level,From_Bus,To_Bus,Before_Min_Voltage,Solar_Headroom_MW,Wind_Headroom_MW,Solar_Support_pu,Wind_Support_pu,Total_Curtailment_MW,After_Min_Voltage,After_Max_Voltage,Safety_Result
7,0.9,0.6,1.0,5,6,0.9399698172493264,0.29181915355187454,7.097881899789236,1.0498960790354717,1.049795992848365,7.389701053341111,0.9513447706415612,1.049898198905948,AI Direct
8,0.9,0.7,0.6,7,8,0.9461859248097956,0.0,0.0,1.0002229960515598,1.003939861578363,0.0,0.9500130179099758,1.003939861578363,AI Direct
9,0.9,0.7,0.6,5,6,0.9418729664830626,0.0051668225558379344,0.012021937523414255,1.0499003545894063,1.0495623318365548,0.01718876007925219,0.9522883017621887,1.049909432551678,AI Direct
10,0.9,0.7,0.7,7,8,0.9479080777239136,0.0,0.0,1.000010136184162,1.0023236872863552,0.0,0.9501574584529755,1.0023236872863552,AI Direct
11,0.9,0.7,0.7,5,6,0.9411088566296786,0.0,0.007118118143367853,1.0499107380125512,1.0496079009571246,0.007118118143367853,0.9516087155167859,1.049934799155033,AI Direct
26,0.9,0.9,0.7,7,8,0.9467525616646516,0.0,0.0,1.0045261802453902,1.003199784308452,0.0,0.9500348303516963,1.0045261802453906,Safety Corrected
27,0.9,0.9,0.7,5,6,0.9368330141709456,5.594959543901302,13.61802187731956,1.0497050565657848,1.049623947619104,19.21298142122086,0.9502750079063805,1.0497050565657848,AI Direct
28,0.9,0.9,0.8,7,8,0.9482039606574086,0.0,0.0,1.0036738854454539,1.0025154726047143,0.0,0.950247373146114,1.0036738854454539,Safety Corrected
29,0.9,0.9,0.8,5,6,0.9353175068983262,8.557820522680569,18.55868902566774,1.0497364060277767,1.0496773452730088,27.116509548348308,0.950213849874348,1.0497364060277767,AI Direct
34,0.9,1.0,0.6,7,8,0.939840189572,0.039810237707117065,0.08430503878807785,1.0199386933249979,1.0053030334926978,0.12411527649519491,0.9502421948793136,1.019938693324998,Safety Corrected
35,0.9,1.0,0.6,5,6,0.9354546390924005,12.635531316826299,14.599361011590196,1.0497662943014503,1.0496497103975257,27.234892328416493,0.9503003165435912,1.0497662943014505,AI Direct
53,0.95,0.7,1.0,7,8,0.9451496246079883,0.0,0.0,1.000169875552113,1.0052911441006727,0.0,0.9503154539683831,1.0052911441006727,AI Direct
56,0.95,0.8,0.8,7,8,0.9418876949262442,0.0,0.0,1.0011167830927057,1.0090889829712573,0.0,0.9508055997977097,1.0090889829712573,Safety Corrected
59,0.95,0.9,0.6,7,8,0.9376807538000465,0.0,0.0,1.012036843117011,1.0123023378171374,0.0,0.9502352761960895,1.0123023378171372,Safety Corrected
60,0.95,0.9,0.7,7,8,0.9395804140666296,0.0,0.0,1.0109511923780843,1.0120776814713783,0.0,0.9503185346694687,1.0120776814713783,Safety Corrected
62,0.95,0.9,0.9,7,8,0.9427387239250574,0.005143878658459937,0.06197116732461234,1.010251319916379,1.007347609829003,0.06711504598307227,0.950273625963391,1.010251319916379,Safety Corrected
63,0.95,0.9,1.0,7,8,0.9440161513786608,0.005143878658459937,0.06197116732461234,1.0093900128259552,1.0071769122173793,0.06711504598307227,0.9500865207329691,1.0093900128259552,Safety Corrected
68,0.95,1.0,1.0,7,8,0.9372764773582638,0.0007975719061953233,0.0031433398659712454,1.0242965822519412,1.008155063192727,0.003940911772166569,0.9501902324639447,1.0242965822519412,AI Direct
78,1.0,0.6,0.9,6,7,0.9446531208913276,0.0,0.0,1.0489911855321368,1.0483432077500485,0.0,0.9800409694463132,1.0489911855321372,AI Direct
79,1.0,0.6,0.9,7,8,0.9370449257009036,0.0,0.0,1.0002067501374532,1.01336302790208,0.0,0.9502160027713064,1.01336302790208,AI Direct
80,1.0,0.6,0.9,8,2,0.9459922171793186,0.0,0.0,1.0,1.0091981663986993,0.0,0.950016771031776,1.0091981663986995,AI Direct
147,1.05,0.6,0.7,6,7,0.9388202172866084,0.0,0.0,1.0119934851860688,1.0000933526563793,0.0,0.9501026331345372,1.0119934851860688,AI Direct
148,1.05,0.6,0.7,7,8,0.925594943559956,0.0,0.0,1.0013718113473982,1.024679970843312,0.0,0.9503014917029935,1.0246799708433123,AI Direct
149,1.05,0.6,0.7,8,2,0.931814672281795,0.0,0.0,1.0000020228342419,1.0407622626771726,0.0,0.9500975470520898,1.0407622626771724,AI Direct
159,1.05,0.7,0.6,6,7,0.9407003095613272,0.0,0.0,1.0103833541856027,1.0002405342796865,0.0,0.9504800453165213,1.0103833541856024,AI Direct
160,1.05,0.7,0.6,7,8,0.9229433726343766,0.0,0.0,1.0049083038800724,1.0273409105668094,0.0,0.9500923232171488,1.0273409105668094,Safety Corrected
161,1.05,0.7,0.6,8,2,0.929456165380074,0.0,0.0,1.0000000000000007,1.0460847664478925,0.0,0.9502217159045291,1.0460847664478925,Safety Corrected
162,1.05,0.7,0.7,6,7,0.940602029591952,0.0,0.0,1.0101895044725893,1.000089630484029,0.0,0.9501939423917122,1.0101895044725888,AI Direct
163,1.05,0.7,0.7,7,8,0.9252455648646456,0.0,0.0,1.003367399402337,1.0255536080395151,0.0,0.9501404746330766,1.025553608039515,Safety Corrected
164,1.05,0.7,0.7,8,2,0.931814672281795,0.0,0.0,1.0000020228342419,1.0407861643792968,0.0,0.950108179714559,1.040786164379297,AI Direct
174,1.05,0.8,0.6,6,7,0.9417962517320488,0.0,0.0,1.0099783802321733,1.0013624420868168,0.0,0.9512554347828547,1.0099783802321733,AI Direct
175,1.05,0.8,0.6,7,8,0.922466474297611,0.0,0.0,1.015188681034193,1.0277485504389954,0.0,0.9500892526005865,1.0277485504389954,Safety Corrected
176,1.05,0.8,0.6,8,2,0.929456165380074,0.0,0.0,1.0000472358394388,1.046019115553865,0.0,0.9501924143663162,1.0460191155538652,Safety Corrected
189,1.05,0.9,0.6,6,7,0.9422233975214336,0.0,0.0,1.0091168470869165,1.000674927845144,0.0,0.9508766688959936,1.0091168470869165,AI Direct
190,1.05,0.9,0.6,7,8,0.9218543642061604,0.0,0.0,1.0283383047376562,1.0271499792150558,0.0,0.950332999735046,1.0283383047376562,Safety Corrected
191,1.05,0.9,0.6,8,2,0.929456165380074,0.0,0.0,1.0002283467065454,1.0459436026447932,0.0,0.950158710238304,1.0459436026447928,Safety Corrected
192,1.05,0.9,0.7,6,7,0.942109457330928,0.0,0.0,1.0088213294446846,1.0003539135634312,0.0,0.9504718682882336,1.0088213294446846,AI Direct
193,1.05,0.9,0.7,7,8,0.9241618444695832,0.0,0.0,1.0267573266244443,1.0251117076752092,0.0,0.9504170549487948,1.026757326624444,Safety Corrected
194,1.05,0.9,0.7,8,2,0.931814672281795,0.0,0.0,1.0000911684962086,1.04073969238203,0.0,0.9500875065750858,1.0407396923820293,AI Direct
222,1.1,0.6,0.7,3,6,0.9460176071499468,0.0,0.0,1.008813364031722,1.0001358626143386,0.0,0.950453438078757,1.008813364031722,Safety Corrected
223,1.1,0.6,0.7,6,7,0.9323865638820455,0.0,0.0,1.0221131902210376,1.0000313899204138,0.0,0.9504244471285473,1.0221131902210379,Safety Corrected
224,1.1,0.6,0.7,7,8,0.9172279455635672,0.0,0.003791118110496154,1.0091903318055144,1.032575221514324,0.003791118110496154,0.9505495044914484,1.0325752215143242,Safety Corrected
225,1.1,0.6,0.8,3,6,0.9460176071499468,0.0,0.0,1.0087708083679279,1.000086213730858,0.0,0.9504320462085426,1.008770808367928,Safety Corrected
226,1.1,0.6,0.8,6,7,0.9322769229651096,0.0,0.0,1.0220963426771312,1.0000313899204138,0.0,0.9500679099285354,1.022096342677131,Safety Corrected
227,1.1,0.6,0.8,7,8,0.9195038997757228,0.0,0.0032495298089967035,1.0083495091735442,1.0304363573902606,0.0032495298089967035,0.9505489758537877,1.0304363573902606,Safety Corrected
228,1.1,0.6,0.9,3,6,0.9460176071499468,0.0,0.0,1.0079520942870863,1.0001913067263253,0.0,0.9500204452042633,1.0079520942870863,AI Direct
229,1.1,0.6,0.9,6,7,0.9321325672304068,0.0,0.0,1.0228886079405153,1.0010624408179152,0.0,0.9500940520281531,1.0228886079405153,Safety Corrected
230,1.1,0.6,0.9,7,8,0.9215291527703862,0.0,0.022591834775006127,1.009413167063814,1.0282264046542564,0.022591834775006127,0.9503288066602189,1.0282264046542562,Safety Corrected
258,1.1,0.8,0.9,3,6,0.9494528445010252,0.0,0.0,1.0012673947248867,1.0000027083470497,0.0,0.950092165652912,1.001267394724887,AI Direct
259,1.1,0.8,0.9,6,7,0.9355353492529844,0.0,0.0,1.0161978239613734,1.000012173921235,0.0,0.9509192329425719,1.0161978239613731,Safety Corrected
260,1.1,0.8,0.9,7,8,0.9207347658980276,0.0,0.02939603701859993,1.0204567048717632,1.0283107250568864,0.02939603701859993,0.9501170768765484,1.0283107250568864,AI Direct
261,1.1,0.8,1.0,3,6,0.9494528445010252,0.0,0.0,1.0014185046401531,1.0000027083470497,0.0,0.9501683748895376,1.0014185046401531,AI Direct
262,1.1,0.8,1.0,6,7,0.935344726563642,0.0,0.0,1.0158749559598172,1.0000188769762681,0.0,0.9502356865848728,1.015874955959817,AI Direct
263,1.1,0.8,1.0,7,8,0.897583350986311,0.22176756453130494,3.62259263220121,1.0497141508592818,1.0476927296039327,3.844360196732515,0.9527514248250029,1.0497141508592818,AI Direct
266,1.1,0.9,0.7,6,7,0.9364760070178966,0.0,0.0,1.0151132866471795,1.0000000000000027,0.0,0.9508758077191153,1.0151132866471793,Safety Corrected
267,1.1,0.9,0.7,7,8,0.9158413072316128,0.0007975719061953233,0.0030121254285880527,1.0343830328618717,1.032990306824025,0.003809697334783376,0.9501648592722317,1.034383032861872,Safety Corrected
274,1.1,1.0,0.6,6,7,0.9365657451476036,0.0,0.0,1.014289955082342,1.0001569617270383,0.0,0.9502531413753573,1.014289955082342,AI Direct
275,1.1,1.0,0.6,7,8,0.9125377427713156,0.9313849672473027,0.10296616650447164,1.048592227572086,1.0362983969718118,1.0343511337517743,0.9503412854787089,1.0485922275720863,Safety Corrected
287,1.15,0.6,0.7,3,6,0.9377449599538136,0.0,0.0,1.024979507936878,1.0000532233224746,0.0,0.9504850567150857,1.024979507936878,Safety Corrected
288,1.15,0.6,0.7,6,7,0.9256297897068352,0.0,0.0,1.0381483855480025,1.0000000000000002,0.0,0.9503824277199939,1.0381483855480027,Safety Corrected
289,1.15,0.6,0.7,7,8,0.908388677724944,0.008175112038502063,0.018656420840806702,1.0252180925641765,1.0402035277140915,0.026831532879308763,0.9506742641485694,1.0402035277140917,Safety Corrected
311,1.15,0.7,1.0,3,6,0.940310876038344,0.0,0.0,1.0199909079681213,1.000061891931205,0.0,0.950490763818314,1.019990907968121,Safety Corrected
312,1.15,0.7,1.0,6,7,0.9276205676679036,0.0,0.006675190129107265,1.0332780765097533,1.0001492799452076,0.006675190129107265,0.9501504668542355,1.0332780765097533,Safety Corrected
313,1.15,0.7,1.0,7,8,0.8398942613953965,0.12080518737795562,10.074946617149003,1.0499898968645403,1.049735981796809,10.195751804526958,0.9514425421645298,1.04998989686454,AI Direct
320,1.15,0.8,0.8,3,6,0.9420858651789948,0.0,0.0,1.0155202544705322,1.0000264251401663,0.0,0.9499995530679698,1.0155202544705322,AI Direct
321,1.15,0.8,0.8,6,7,0.9295616566902116,0.0,0.0,1.0266020433576686,1.0000000000000002,0.0,0.9501502123855691,1.0266020433576686,Safety Corrected
322,1.15,0.8,0.8,7,8,0.9101603406693368,0.04595223251953441,0.23999338137528853,1.0306761474865622,1.0377225711739728,0.2859456138948229,0.9500270526746393,1.0377225711739728,Safety Corrected
323,1.15,0.8,0.9,3,6,0.9420858651789948,0.0,0.0,1.0165143795270335,1.0000196773533567,0.0,0.9505051108718431,1.0165143795270335,Safety Corrected
324,1.15,0.8,0.9,6,7,0.9294168305530796,0.0,0.0,1.0274622845885446,1.0000416675214605,0.0,0.9500820244146245,1.027462284588544,Safety Corrected
325,1.15,0.8,0.9,7,8,0.912405194648255,0.16120344884930576,2.309665771381428,1.0498203309322571,1.0484522259297515,2.4708692202307336,0.9513976303501175,1.0498203309322571,Safety Corrected
335,1.15,0.9,0.8,3,6,0.9431120131379812,0.0,0.0,1.0144558781768427,1.0000198776062836,0.0,0.9505091348919306,1.0144558781768427,Safety Corrected
336,1.15,0.9,0.8,6,7,0.9304678797113488,0.0,0.0,1.0245186254397973,1.0000369129892728,0.0,0.9501313789004503,1.0245186254397975,AI Direct
337,1.15,0.9,0.8,7,8,0.9095746147893424,0.18436674011632545,0.43936026443821935,1.03963314468495,1.0440675555175254,0.6237270045545448,0.9500375617621973,1.0440675555175252,Safety Corrected
373,1.2,0.7,0.6,3,6,0.93197878405642,0.0,0.0,1.0358597533295666,1.0000219607380532,0.0,0.9504826703121465,1.0358597533295666,Safety Corrected
374,1.2,0.7,0.6,6,7,0.9213277748586228,0.006928725291865715,0.0,1.0461169342881402,1.0014360709730292,0.006928725291865715,0.950542213688041,1.04611693428814,AI Direct
375,1.2,0.7,0.6,7,8,0.8956143793080542,4.211379099985808,0.5961002506488112,1.05,1.05,4.807479350634619,0.9500528424598361,1.0500000000000003,Safety Corrected
376,1.2,0.7,0.7,3,6,0.93197878405642,0.0,0.0,1.0358656278858407,1.0000219607380532,0.0,0.9504856832349244,1.035865627885841,Safety Corrected
377,1.2,0.7,0.7,6,7,0.9212784465310722,0.0,0.0,1.0461445018208795,1.0004830826520879,0.0,0.9502733425873297,1.0461445018208793,AI Direct
378,1.2,0.7,0.7,7,8,0.8987401726136913,1.2516221452004017,2.205576895284288,1.047120787125194,1.0481945320903843,3.4571990404846895,0.9503329768433088,1.0481945320903838,AI Direct
407,1.2,0.9,0.8,3,6,0.9356789929339188,0.0,0.0,1.027686965293866,1.0,0.0,0.9500016797183602,1.027686965293866,AI Direct
408,1.2,0.9,0.8,6,7,0.9243165028272856,0.0,0.0,1.0377103851057974,1.0,0.0,0.9502491020033846,1.0377103851057974,Safety Corrected
409,1.2,0.9,0.8,7,8,0.8951608836973461,12.09588492593262,13.67520245632305,1.05,1.0496599928713986,25.77108738225567,0.9503760354925999,1.05,Safety Corrected
