Index,Fixed_Headroom_Percent,Curtailment_MW,Solved,Secure,Final_Min_Voltage,Final_Max_Voltage
7,5,9.14,True,False,0.9514963769637503,1.0500355151001097
8,5,8.255,True,True,0.9883662217644902,1.05
9,5,8.255,True,False,0.9528298512085954,1.050290881598757
10,5,8.68,True,True,0.988870377047442,1.0499999999999998
11,5,8.68,True,False,0.9523177027665084,1.0503282973519514
26,5,10.31,True,True,0.9797751281225082,1.0500000000000003
27,5,10.31,True,False,0.9492499770851458,1.0500000000000003
28,5,10.735000000000001,True,True,0.9801379926228866,1.0500000000000003
29,5,10.735000000000001,True,False,0.9481149628299861,1.05
34,5,10.700000000000001,True,True,0.9734709335784294,1.05
35,5,10.700000000000001,True,False,0.9482323278751544,1.05
53,5,9.955,True,True,0.9858213271479969,1.05
56,5,9.920000000000002,True,True,0.9810605567131474,1.05
59,5,9.885000000000002,True,True,0.9750927514190221,1.0500000000000003
60,5,10.31,True,True,0.9756904565709635,1.0500000000000005
62,5,11.16,True,True,0.9765490016044323,1.05
63,5,11.585,True,True,0.9768196165953945,1.05
68,5,12.4,True,True,0.9710116884489044,1.0500000000000003
78,5,8.715,True,False,0.9802932278629547,1.0503494051941655
79,5,8.715,True,True,0.9843603298990894,1.05
80,5,8.715,True,True,0.9670464339844241,1.05
147,5,7.865,True,True,0.974798636668135,1.0500000000000003
148,5,7.865,True,True,0.9766487041795402,1.05
149,5,7.865,True,True,0.953444042076326,1.05
159,5,8.255,True,True,0.9772140149690197,1.05
160,5,8.255,True,True,0.9743143237070215,1.05
161,5,8.255,True,True,0.9512537984860127,1.05
162,5,8.68,True,True,0.9769882779098805,1.0500000000000003
163,5,8.68,True,True,0.9752506629846456,1.05
164,5,8.68,True,True,0.953444042076326,1.05
174,5,9.07,True,True,0.9784936548740565,1.0500000000000003
175,5,9.07,True,True,0.9705473642521277,1.0500000000000005
176,5,9.07,True,True,0.9512537984860127,1.05
189,5,9.885000000000002,True,True,0.9788839105659107,1.05
190,5,9.885000000000002,True,True,0.96588555607954,1.05
191,5,9.885000000000002,True,True,0.9512537984860127,1.05
192,5,10.31,True,True,0.9786105534711762,1.0500000000000003
193,5,10.31,True,True,0.9667710500732214,1.05
194,5,10.31,True,True,0.953444042076326,1.05
222,5,7.865,True,True,0.9702835594966652,1.05
223,5,7.865,True,True,0.9680998712635503,1.05
224,5,7.865,True,True,0.9689411157008501,1.0500000000000003
225,5,8.290000000000001,True,True,0.9702835594966652,1.05
226,5,8.290000000000001,True,True,0.9678561774698733,1.05
227,5,8.290000000000001,True,True,0.9710163350087845,1.0500000000000003
228,5,8.715,True,True,0.9702835594966652,1.05
229,5,8.715,True,True,0.9675206176770986,1.0499999999999998
230,5,8.715,True,True,0.9728919581604205,1.05
258,5,10.345,True,True,0.9740227755171679,1.05
259,5,10.345,True,True,0.971911720818107,1.0500000000000003
260,5,10.345,True,True,0.9681854679760448,1.0500000000000003
261,5,10.77,True,True,0.9740227755171679,1.05
262,5,10.77,True,True,0.9714435112455458,1.0500000000000005
263,5,10.77,True,True,0.9590037632893075,1.05
266,5,10.31,True,True,0.9734072130675219,1.05
267,5,10.31,True,True,0.9618967907100859,1.05
274,5,10.700000000000001,True,True,0.973592339648501,1.0500000000000003
275,5,10.700000000000001,True,True,0.955347305069479,1.05
287,5,7.865,True,True,0.9622498358838554,1.05
288,5,7.865,True,True,0.9609100317536509,1.0500000000000003
289,5,7.865,True,True,0.9608420541282787,1.05
311,5,9.955,True,True,0.9648633678793795,1.0499999999999996
312,5,9.955,True,True,0.9632960062504115,1.0499999999999998
313,5,9.955,True,False,0.9151943531498719,1.05
320,5,9.920000000000002,True,True,0.9668134180505304,1.0499999999999998
321,5,9.920000000000002,True,True,0.966272148729597,1.0500000000000003
322,5,9.920000000000002,True,True,0.9622799734975281,1.0500000000000005
323,5,10.345,True,True,0.9668134180505304,1.0499999999999998
324,5,10.345,True,True,0.965935265690507,1.0500000000000005
325,5,10.345,True,True,0.9596965406926152,1.0499999999999998
335,5,10.735000000000001,True,True,0.9681354812675806,1.05
336,5,10.735000000000001,True,True,0.9675560290563026,1.0499999999999998
337,5,10.735000000000001,True,True,0.9577902580351164,1.05
373,5,8.255,True,True,0.9567606386490934,1.05
374,5,8.255,True,True,0.957223826278723,1.05
375,5,8.255,True,False,0.9493845002105219,1.0500000000000005
376,5,8.68,True,True,0.9567606386490934,1.05
377,5,8.68,True,True,0.9571515963195812,1.0500000000000005
378,5,8.68,True,True,0.9521375741001739,1.05
407,5,10.735000000000001,True,True,0.960855728088016,1.05
408,5,10.735000000000001,True,True,0.9616167703768714,1.0500000000000003
409,5,10.735000000000001,True,False,0.9329970895611638,1.05
7,10,18.28,True,False,0.9522181845816271,1.0501887182962928
8,10,16.51,True,True,0.9894919314804385,1.0500000000000005
9,10,16.51,True,False,0.9532007602126021,1.0502672751830566
10,10,17.36,True,True,0.9900116754664047,1.05
11,10,17.36,True,False,0.9528454233045998,1.05034991401659
26,10,20.62,True,True,0.9820710217235876,1.05
27,10,20.62,True,False,0.9504912430662777,1.0500807584052259
28,10,21.470000000000002,True,True,0.982461549678018,1.05
29,10,21.470000000000002,True,False,0.9495773211609262,1.05
34,10,21.400000000000002,True,True,0.9764853181362271,1.0500000000000003
35,10,21.400000000000002,True,False,0.9496758538732042,1.0500000000000003
53,10,19.91,True,True,0.9869653892524664,1.0500000000000005
56,10,19.840000000000003,True,True,0.9826629012467489,1.05
59,10,19.770000000000003,True,True,0.977285496374588,1.0500000000000005
60,10,20.62,True,True,0.9778962949942461,1.0500000000000003
62,10,22.32,True,True,0.9788112239020504,1.05
63,10,23.17,True,True,0.9791241748551561,1.05
68,10,24.8,True,True,0.9740568939096038,1.05
78,10,17.43,True,False,0.9797888611211923,1.050266861455979
79,10,17.43,True,True,0.9849286352708446,1.0500000000000003
80,10,17.43,True,True,0.9663367654017454,1.05
147,10,15.73,True,True,0.9739849370296858,1.05
148,10,15.73,True,True,0.9759593155586804,1.0500000000000005
149,10,15.73,True,True,0.9526610593853145,1.05
159,10,16.51,True,True,0.9765596655343932,1.0500000000000003
160,10,16.51,True,True,0.9737145547677876,1.05
161,10,16.51,True,True,0.950518701109883,1.05
162,10,17.36,True,True,0.9763833578912516,1.0500000000000003
163,10,17.36,True,True,0.9757579415369305,1.05
164,10,17.36,True,True,0.9526610593853145,1.05
174,10,18.14,True,True,0.9781229927834806,1.05
175,10,18.14,True,True,0.9719312805714194,1.05
176,10,18.14,True,True,0.950518701109883,1.05
189,10,19.770000000000003,True,True,0.9788724707187334,1.05
190,10,19.770000000000003,True,True,0.9678953434181831,1.05
191,10,19.770000000000003,True,True,0.950518701109883,1.05
192,10,20.62,True,True,0.9786520520787425,1.05
193,10,20.62,True,True,0.9687842899152196,1.05
194,10,20.62,True,True,0.9526610593853145,1.05
222,10,15.73,True,True,0.9694595991595815,1.0500000000000005
223,10,15.73,True,True,0.9670834985930686,1.0500000000000005
224,10,15.73,True,True,0.9681721782636894,1.0500000000000003
225,10,16.580000000000002,True,True,0.9694595991595815,1.0500000000000005
226,10,16.580000000000002,True,True,0.9668951506705008,1.0500000000000003
227,10,16.580000000000002,True,True,0.9702178073816872,1.0499999999999998
228,10,17.43,True,True,0.9694595991595815,1.0500000000000005
229,10,17.43,True,True,0.9666233360991514,1.0500000000000003
230,10,17.43,True,True,0.9720797638105843,1.0500000000000003
258,10,20.69,True,True,0.973440653654181,1.05
259,10,20.69,True,True,0.9714967450440056,1.0499999999999998
260,10,20.69,True,True,0.9694984964190431,1.0499999999999998
261,10,21.54,True,True,0.973440653654181,1.05
262,10,21.54,True,True,0.971103210393503,1.05
263,10,21.54,True,True,0.9701938835380107,1.0500000000000003
266,10,20.62,True,True,0.9732204064747552,1.0500000000000003
267,10,20.62,True,True,0.963805598775989,1.05
274,10,21.400000000000002,True,True,0.9737811603141672,1.05
275,10,21.400000000000002,True,True,0.957999974492285,1.0500000000000003
287,10,15.73,True,True,0.9612795987100052,1.05
288,10,15.73,True,True,0.9596724402197742,1.0500000000000003
289,10,15.73,True,True,0.9599842394796151,1.05
311,10,19.91,True,True,0.9639798748797178,1.0499999999999998
312,10,19.91,True,True,0.9624438016976473,1.0500000000000007
313,10,19.91,True,False,0.9449868988257679,1.05
320,10,19.840000000000003,True,True,0.9660707175655995,1.05
321,10,19.840000000000003,True,True,0.9655542153390881,1.05
322,10,19.840000000000003,True,True,0.9618196748151715,1.05
323,10,20.69,True,True,0.9660707175655995,1.05
324,10,20.69,True,True,0.9652830598143277,1.05
325,10,20.69,True,True,0.9638561779126256,1.05
335,10,21.470000000000002,True,True,0.9675856389079059,1.05
336,10,21.470000000000002,True,True,0.9671857581730368,1.05
337,10,21.470000000000002,True,True,0.9595936648219,1.05
373,10,16.51,True,True,0.9557063312079194,1.0499999999999998
374,10,16.51,True,True,0.9558819390424298,1.05
375,10,16.51,True,False,0.94853227160256,1.05
376,10,17.36,True,True,0.9557063312079194,1.0499999999999998
377,10,17.36,True,True,0.9558567220421236,1.05
378,10,17.36,True,True,0.9512292105734496,1.0499999999999998
407,10,21.470000000000002,True,True,0.9601250754022062,1.0500000000000003
408,10,21.470000000000002,True,True,0.9609865164680558,1.0500000000000003
409,10,21.470000000000002,True,False,0.9424185625511653,1.0499999999999998
7,15,27.419999999999998,True,False,0.9527745148653708,1.0502901060331098
8,15,24.764999999999997,True,True,0.9904935109491333,1.0500000000000005
9,15,24.764999999999997,True,False,0.9534347305097577,1.050209881931478
10,15,26.04,True,True,0.9910249542029202,1.0500000000000003
11,15,26.04,True,False,0.9532229857169394,1.0503326245794502
26,15,30.93,True,True,0.984153986031785,1.05
27,15,30.93,True,False,0.9515209637928103,1.0501835940479223
28,15,32.205,True,True,0.9845676877201418,1.05
29,15,32.205,True,False,0.9508090775573529,1.050156843825678
34,15,32.1,True,True,0.9792319281417355,1.0500000000000005
35,15,32.1,True,True,0.9508897011536549,1.0500000000000003
53,15,29.865,True,True,0.987964673141968,1.0500000000000003
56,15,29.759999999999998,True,True,0.9840921145462519,1.0500000000000005
59,15,29.655,True,True,0.9792662393555439,1.0500000000000005
60,15,30.93,True,True,0.9798861319843556,1.0499999999999998
62,15,33.480000000000004,True,True,0.9808480013984751,1.0500000000000005
63,15,34.755,True,True,0.9811978735150282,1.0500000000000003
68,15,37.2,True,True,0.9768116229384399,1.05
78,15,26.144999999999996,True,False,0.9791628570980937,1.0501469186311156
79,15,26.144999999999996,True,True,0.9853851562530876,1.05
80,15,26.144999999999996,True,True,0.9655880003991235,1.05
147,15,23.595,True,True,0.9730510639713649,1.05
148,15,23.595,True,True,0.9752312456661225,1.05
149,15,23.595,True,True,0.9518502562150843,1.05
159,15,24.764999999999997,True,True,0.9757605266804655,1.0499999999999998
160,15,24.764999999999997,True,True,0.9730786432396467,1.05
161,15,24.764999999999997,True,False,0.9497621699599085,1.05
162,15,26.04,True,True,0.9756301477102053,1.0500000000000003
163,15,26.04,True,True,0.9750737785596562,1.05
164,15,26.04,True,True,0.9518502562150843,1.05
174,15,27.209999999999997,True,True,0.9775762115507286,1.0500000000000003
175,15,27.209999999999997,True,True,0.9728424595793488,1.0500000000000003
176,15,27.209999999999997,True,False,0.9497621699599085,1.05
189,15,29.655,True,True,0.9786496195948597,1.0500000000000003
190,15,29.655,True,True,0.9696854440839182,1.0500000000000003
191,15,29.655,True,False,0.9497621699599085,1.05
192,15,30.93,True,True,0.9784783971518143,1.0500000000000003
193,15,30.93,True,True,0.9705738056266575,1.0500000000000003
194,15,30.93,True,True,0.9518502562150843,1.05
222,15,23.595,True,True,0.9685684574694624,1.05
223,15,23.595,True,True,0.9659391235495903,1.05
224,15,23.595,True,True,0.9673615774354224,1.05
225,15,24.869999999999997,True,True,0.9685684574694624,1.05
226,15,24.869999999999997,True,True,0.9658022700751818,1.0500000000000003
227,15,24.869999999999997,True,True,0.9693709232881975,1.05
228,15,26.144999999999996,True,True,0.9685684574694624,1.05
229,15,26.144999999999996,True,True,0.9655899525898727,1.05
230,15,26.144999999999996,True,True,0.9712120603655747,1.05
258,15,31.034999999999997,True,True,0.9727512910087174,1.0499999999999998
259,15,31.034999999999997,True,True,0.9708851883694822,1.05
260,15,31.034999999999997,True,True,0.9706216377587064,1.05
261,15,32.31,True,True,0.9727512910087174,1.0499999999999998
262,15,32.31,True,True,0.9705614513916104,1.0500000000000003
263,15,32.31,True,True,0.9713424570322468,1.0500000000000003
266,15,30.93,True,True,0.9728100470362662,1.0499999999999998
267,15,30.93,True,True,0.9654858368943213,1.05
274,15,32.1,True,True,0.9737102336620382,1.05
275,15,32.1,True,True,0.960367467568587,1.05
287,15,23.595,True,True,0.9602369800533764,1.0499999999999998
288,15,23.595,True,True,0.958297382720628,1.05
289,15,23.595,True,True,0.9590811320330919,1.05
311,15,29.865,True,True,0.9630043135403444,1.0499999999999998
312,15,29.865,True,True,0.9614122106746805,1.0500000000000003
313,15,29.865,True,True,0.9650339614976856,1.0500000000000005
320,15,29.759999999999998,True,True,0.9652143546936448,1.0499999999999996
321,15,29.759999999999998,True,True,0.9646340863004278,1.0500000000000003
322,15,29.759999999999998,True,True,0.9609758644610169,1.05
323,15,31.034999999999997,True,True,0.9652143546936448,1.0499999999999996
324,15,31.034999999999997,True,True,0.964424248807108,1.05
325,15,31.034999999999997,True,True,0.9629875503564759,1.0499999999999998
335,15,32.205,True,True,0.9668983880342168,1.05
336,15,32.205,True,True,0.9665778157732088,1.0500000000000005
337,15,32.205,True,True,0.9606877504485475,1.0500000000000003
373,15,24.764999999999997,True,True,0.9545528389318133,1.0499999999999998
374,15,24.764999999999997,True,True,0.9543652624550478,1.0500000000000003
375,15,24.764999999999997,True,False,0.9476334811634796,1.05
376,15,26.04,True,True,0.9545528389318133,1.0499999999999998
377,15,26.04,True,True,0.9543835075036073,1.0500000000000003
378,15,26.04,True,True,0.9502675136762684,1.0500000000000005
407,15,32.205,True,True,0.9592488305121339,1.0499999999999998
408,15,32.205,True,True,0.9601066795588523,1.05
409,15,32.205,True,False,0.9493407165187266,1.05
7,20,36.56,True,False,0.9531642868447967,1.050339745105049
8,20,33.02,True,True,0.9913714580966975,1.0500000000000003
9,20,33.02,True,False,0.9535301472631486,1.0501185241876119
10,20,34.72,True,True,0.9919106516353038,1.0499999999999998
11,20,34.72,True,False,0.9534490013346258,1.0502763245562758
26,20,41.24,True,True,0.9860278428054235,1.0500000000000005
27,20,41.24,True,False,0.9523399933155828,1.0502348474375338
28,20,42.940000000000005,True,True,0.9864602260258468,1.0500000000000005
29,20,42.940000000000005,True,False,0.9518120857625902,1.050259969881744
34,20,42.800000000000004,True,True,0.9817181955027269,1.05
35,20,42.800000000000004,True,False,0.9518757379118952,1.050043939445653
53,20,39.82,True,True,0.9888192456028296,1.05
56,20,39.68000000000001,True,True,0.9853496025544148,1.0500000000000003
59,20,39.540000000000006,True,True,0.9810386336167757,1.0500000000000003
60,20,41.24,True,True,0.9816635686072503,1.05
62,20,44.64,True,True,0.982662901246749,1.05
63,20,46.34,True,True,0.983044302268086,1.05
68,20,49.6,True,True,0.9792831851488841,1.0500000000000003
78,20,34.86,True,True,0.9784125203075703,1.0500000000000003
79,20,34.86,True,True,0.9851956529829999,1.05
80,20,34.86,True,True,0.9647994445454406,1.05
147,20,31.46,True,True,0.9719937846139977,1.05
148,20,31.46,True,True,0.9744635701486156,1.05
149,20,31.46,True,True,0.9510111259418895,1.05
159,20,33.02,True,True,0.9748128940970001,1.0500000000000005
160,20,33.02,True,True,0.9724058405334183,1.05
161,20,33.02,True,False,0.9489838448849969,1.0500000000000003
162,20,34.72,True,True,0.9747249134214419,1.05
163,20,34.72,True,True,0.9743466935806658,1.0500000000000003
164,20,34.72,True,True,0.9510111259418895,1.05
174,20,36.28,True,True,0.9768493147189257,1.0500000000000005
175,20,36.28,True,True,0.9722194010223549,1.05
176,20,36.28,True,False,0.9489838448849969,1.0500000000000003
189,20,39.540000000000006,True,True,0.9782114107073715,1.0500000000000005
190,20,39.540000000000006,True,True,0.9712590393367168,1.0500000000000003
191,20,39.540000000000006,True,False,0.9489838448849969,1.0500000000000003
192,20,41.24,True,True,0.9780856573580649,1.0500000000000005
193,20,41.24,True,True,0.9721426634198597,1.05
194,20,41.24,True,True,0.9510111259418895,1.05
222,20,31.46,True,True,0.9676086310611784,1.0500000000000003
223,20,31.46,True,True,0.9646627965973477,1.0500000000000003
224,20,31.46,True,True,0.9665081795997467,1.0500000000000003
225,20,33.160000000000004,True,True,0.9676086310611784,1.0500000000000003
226,20,33.160000000000004,True,True,0.9645735371465378,1.0500000000000003
227,20,33.160000000000004,True,True,0.9684743361175271,1.05
228,20,34.86,True,True,0.9676086310611784,1.0500000000000003
229,20,34.86,True,True,0.9644164266973493,1.0500000000000005
230,20,34.86,True,True,0.9702872903543752,1.0500000000000007
258,20,41.38,True,True,0.9719524751969929,1.05
259,20,41.38,True,True,0.9700720924805831,1.05
260,20,41.38,True,True,0.9700101373610792,1.05
261,20,43.08,True,True,0.9719524751969929,1.05
262,20,43.08,True,True,0.9698133077132782,1.05
263,20,43.08,True,True,0.9716692507057081,1.05
266,20,41.24,True,True,0.9721711329664806,1.05
267,20,41.24,True,True,0.96600398965571,1.05
274,20,42.800000000000004,True,True,0.9733749763578153,1.0500000000000003
275,20,42.800000000000004,True,True,0.9624563052508671,1.0500000000000003
287,20,31.46,True,True,0.9591201255074158,1.0500000000000003
288,20,31.46,True,True,0.9567799937495486,1.05
289,20,31.46,True,True,0.9581313262745828,1.05
311,20,39.82,True,True,0.9619343574607881,1.0500000000000003
312,20,39.82,True,True,0.9601955397638036,1.05
313,20,39.82,True,True,0.9640291375160142,1.0500000000000003
320,20,39.68000000000001,True,True,0.9642415998823617,1.05
321,20,39.68000000000001,True,True,0.9635056248089562,1.0500000000000003
322,20,39.68000000000001,True,True,0.9600706920097124,1.0500000000000003
323,20,41.38,True,True,0.9642415998823617,1.05
324,20,41.38,True,True,0.9633526898406658,1.0500000000000003
325,20,41.38,True,True,0.9620500444249852,1.05
335,20,42.940000000000005,True,True,0.9660707175655999,1.0500000000000003
336,20,42.940000000000005,True,True,0.9657259333991957,1.0499999999999998
337,20,42.940000000000005,True,True,0.9598427849656113,1.0500000000000003
373,20,33.02,True,True,0.9532972728107446,1.05
374,20,33.02,True,True,0.9526669281121354,1.0500000000000005
375,20,33.02,True,False,0.9466866197738816,1.0500000000000003
376,20,34.72,True,True,0.9532972728107446,1.05
377,20,34.72,True,True,0.9527250204955277,1.0500000000000003
378,20,34.72,True,False,0.9492506871758359,1.05
407,20,42.940000000000005,True,True,0.9582232394000751,1.0500000000000003
408,20,42.940000000000005,True,True,0.958969433198913,1.05
409,20,42.940000000000005,True,True,0.9512871676437891,1.05
